,title,url,thumbnail,description
0,The End Of Jeffree Star and Shane Dawson,https://www.youtube.com/watch?v=MgxyLV31-vM,shane,Please SUBSCRIBE and BINGE THE WHOLE SERIES https://www.youtube.com/watch?v=s3WFAONOFhs&list=PLDs0tNoNYTz05R0xo7PCVc-RgL2fsJnGg Thank you to RIDGE! Check out their wallets here!! https://ridge.c...
1,Gucci Mane - Letter to Takeoff [Official Music Video],https://www.youtube.com/watch?v=C2YSX4sV_bA,Gucci Mane,Gucci Mane - Letter to Takeoff Download/Stream - https://guccimane.lnk.to/lettertotakeoff Subscribe for more official content from Gucci Mane: https://Atlantic.lnk.to/GMsubscribe Follow Gucci...
2,Bendy and the Dark Revival Part 1 - RESCUED BY BENDY!,https://www.youtube.com/watch?v=LMWuv5aB-OQ,FusionZGamer,Bendy and the Dark Revival Gameplay Walkthrough Part 1 We meet Alice Angel and get hunted by Bendy.. Game: https://store.steampowered.com/app/1063660/Bendy_and_the_Dark_Revival/ #bendyandthedarkr...
3,Nike FC Presents the Footballverse,https://www.youtube.com/watch?v=6p4SeR3pliM,Nike Football,An international team of scientists at a secret lab in Switzerland finally cracked the code. They’ve written the formula that will put an end to any discussion—the ultimate battle of all...
4,Do these mental health products even do anything?,https://www.youtube.com/watch?v=caVoqAfdkYQ,Drew Gooden,"This video is sponsored by HelloFresh. For 70% off HelloFresh plus FREE shipping, use my code IMALITTLESTINKER70 at https://bit.ly/3Nn66HV! 00:00 - the cove 03:04 - the ads 11:22 - the unboxing..."
5,Season 01 Battle Pass Trailer | Call of Duty: Modern Warfare II & Warzone 2.0,https://www.youtube.com/watch?v=N3QHb-202gg,Call of Duty,"The new innovative Battle Pass system features an impressive arsenal of a new Operator, new Weapons, Operator Skins, Weapon Blueprints, and MORE! #BattlePass #WarZone2 Follow #CallofDuty..."
6,G Herbo - Him (Official Music Video),https://www.youtube.com/watch?v=eNccmTr9ZC8,G Herbo,"Official music video for G Herbo ""Him"", available to stream now: https://GHerbo.lnk.to/SurvivorsRemorse Subscribe to G Herbo's official channel for exclusive music videos & behind the scenes..."
7,What Happens If A Star Explodes Near The Earth?,https://www.youtube.com/watch?v=evUfG3lrk5U,Veritasium,"People have witnessed supernovae for millennia, but what threat do they pose to life on Earth? This video is sponsored by Brilliant. You can get started for free, or the first 200 people to..."
8,I Built The Worlds Largest Working Computer!,https://www.youtube.com/watch?v=tRRTx_jXaWQ,Matthew Beem,"Thank you G FUEL for sponsoring this video! Get 30% off my G FUEL Starter Kit and enter the $1,000 giveaway here ➔ https://gfuel.ly/beem-shaker Get your own Beem Team Merch! ➔ https://www.beemt..."
9,Pokémon Scarlet & Pokémon Violet – Overview Trailer – Nintendo Switch,https://www.youtube.com/watch?v=dAQBo9BGRdA,Nintendo of America,"Learn about the world of Pokémon Scarlet & Pokémon Violet, including different features of the new open-world experience, Pokémon and Trainers you’ll meet, and more! Begin your adventure..."
